Actual,Predicted
1411.2000000000003,1643.258
1266.4,1568.0675
1160.1000000000001,1413.2825
1250.8,1251.5406
1257.2000000000005,1242.2548
1268.4999999999995,1251.077
1392.5999999999995,1286.2046
1769.6000000000006,1357.6862
1798.6,1621.6866
1800.1000000000004,1806.1132
